{
    "1": [
        243.203125,
        400.09765625
    ],
    "2": [
        443.10546875,
        361.0703125
    ],
    "3": [
        715.00390625,
        389.36328125
    ],
    "4": [
        724.640625,
        548.60546875
    ],
    "5": [
        1503.578125,
        481.91796875
    ],
    "6": [
        1379.9453125,
        417.37890625
    ],
    "7": [
        1389.0,
        391.0078125
    ],
    "8": [
        1397.87890625,
        377.80859375
    ],
    "9": [
        1398.58984375,
        357.30859375
    ],
    "10": [
        646.26171875,
        485.8203125
    ]
}